Timestamp,Error_Yaw,Error_Pitch,P_Yaw,I_Yaw,D_Yaw,Speed_Yaw,P_Pitch,I_Pitch,D_Pitch,Speed_Pitch
1754668765.328015,0.27656000000000003,-0.10833000000000004,30.4216,0.0,0,-30.4216,-11.916300000000003,0.0,0,-11.916300000000003
1754668765.3553793,0.27656000000000003,-0.10833000000000004,30.4216,0.22703574256896975,0.0,-30.64863574256897,-11.916300000000003,-0.08893108906745914,0.0,-12.005231089067463
1754668765.3767824,0.27656000000000003,-0.10972000000000004,30.4216,0.40461276912689215,0.0,-30.826212769126894,-12.069200000000004,-0.15938144831657416,-0.5195515308952788,-12.748132979211858
1754668765.4116528,0.27656000000000003,-0.10972000000000004,30.4216,0.6939253887176515,0.0,-31.115525388717653,-12.069200000000004,-0.2741608112812043,0.0,-12.343360811281208
1754668765.4396005,0.27656000000000003,-0.10833000000000004,30.4216,0.9258015695571901,0.0,-31.347401569557192,-11.916300000000003,-0.36498792536258706,0.3978865602579749,-11.883401365104616
1754668765.467651,0.27656000000000003,-0.10833000000000004,30.4216,1.1585303163528444,0.0,-31.580130316352847,-11.916300000000003,-0.4561489939928056,0.0,-12.372448993992808
1754668765.495178,0.26172,-0.09860999999999998,28.7892,1.3746620467185975,-4.312841758230342,-25.851020288488257,-10.847099999999998,-0.5375823958396913,2.824853227088891,-8.559829168750799
1754668765.5231695,0.26172,-0.09860999999999998,28.7892,1.5944403694152833,0.0,-30.383640369415286,-10.847099999999998,-0.6203897487401964,0.0,-11.467489748740194
1754668765.5513425,0.24062,-0.08472000000000002,26.4682,1.79780976934433,-5.991558614152973,-22.274451155191358,-9.319200000000002,-0.691994168829918,3.944206120880783,-6.066988047949137
1754668765.579359,0.24062,-0.08472000000000002,26.4682,2.000050161552429,0.0,-28.46825016155243,-9.319200000000002,-0.763201076102257,0.0,-10.08240107610226
1754668765.606145,0.24062,-0.08472000000000002,26.4682,2.1934065021514892,0.0,-28.66160650215149,-9.319200000000002,-0.8312799937963489,0.0,-10.15047999379635
1754668765.6274047,0.22813,-0.07638999999999996,25.0943,2.33890634264946,-4.6999535233823035,-22.733252819267157,-8.402899999999995,-0.8800010423898699,3.134556673320646,-6.148344369069219
1754668765.6486423,0.22813,-0.07638999999999996,25.0943,2.4842544338464743,0.0,-27.578554433846474,-8.402899999999995,-0.9286712772846224,0.0,-9.331571277284617
1754668765.6686537,0.20937,-0.06528,23.0307,2.6099481955289843,-7.499715780494197,-18.140932415034783,-7.1808000000000005,-0.9678616520404819,4.441462810303315,-3.707198841737168
1754668765.6900148,0.20937,-0.06528,23.0307,2.7441194798469546,0.0,-25.774819479846954,-7.1808000000000005,-1.0096952549457554,0.0,-8.190495254945755
1754668765.7104073,0.20937,-0.06528,23.0307,2.8722062959671026,0.0,-25.902906295967103,-7.1808000000000005,-1.049631766176224,0.0,-8.230431766176224
1754668765.7381604,0.1875,-0.05139000000000005,20.625,3.028317566156388,-6.304157277092909,-17.34916028906348,-5.652900000000005,-1.0924187431097034,4.0038749235857445,-2.7414438195239637
1754668765.758967,0.1875,-0.05139000000000005,20.625,3.145354415416718,0.0,-23.77035441541672,-5.652900000000005,-1.1244962027549747,0.0,-6.77739620275498
1754668765.8358133,0.16405999999999998,-0.04027999999999998,18.046599999999998,3.5235768357753754,-2.4401936170912504,-19.129983218684124,-4.430799999999998,-1.217357345581055,1.156593476360236,-4.491563869220817
1754668765.8561268,0.16405999999999998,-0.04027999999999998,18.046599999999998,3.6235558267593384,0.0,-21.670155826759338,-4.430799999999998,-1.241904180622101,0.0,-5.672704180622099
1754668765.8770776,0.16405999999999998,-0.04027999999999998,18.046599999999998,3.7266714457511902,0.0,-21.77327144575119,-4.430799999999998,-1.2672211203575134,0.0,-5.698021120357511
1754668765.8981779,0.15000000000000002,-0.03193999999999997,16.500000000000004,3.8216227177619935,-5.330734273285033,-14.990888444476964,-3.5133999999999963,-1.2874394112110137,3.162042947311335,-1.6387964638996748
1754668765.9187467,0.15000000000000002,-0.03193999999999997,16.500000000000004,3.914182532215119,0.0,-20.414182532215122,-3.5133999999999963,-1.3071484810352325,0.0,-4.820548481035229
1754668765.940608,0.14062000000000002,-0.026390000000000025,15.468200000000003,4.006406674718857,-3.432547437208947,-16.042059237509914,-2.9029000000000025,-1.3244560839414596,2.0309848908858705,-2.1963711930555916
1754668765.960972,0.14062000000000002,-0.026390000000000025,15.468200000000003,4.092314439582824,0.0,-19.56051443958283,-2.9029000000000025,-1.3405782992362978,0.0,-4.2434782992363
1754668765.9817827,0.14062000000000002,-0.026390000000000025,15.468200000000003,4.1801060540199275,0.0,-19.64830605401993,-2.9029000000000025,-1.3570540544986724,0.0,-4.2599540544986745
1754668766.0028348,0.12734,-0.018059999999999965,14.0074,4.26052937092781,-5.046522123240359,-13.221407247687452,-1.9865999999999961,-1.3684600942611695,3.165476602906058,-0.189583491355108
1754668766.023442,0.12734,-0.018059999999999965,14.0074,4.339253122615814,0.0,-18.346653122615812,-1.9865999999999961,-1.3796250931262972,0.0,-3.3662250931262934
1754668766.0448506,0.12734,-0.018059999999999965,14.0074,4.421038095474242,0.0,-18.42843809547424,-1.9865999999999961,-1.391224249792099,0.0,-3.377824249792095
1754668766.072984,0.11406,-0.012499999999999956,12.5466,4.5173049373626695,-3.7762953979661056,-13.287609539396563,-1.3749999999999951,-1.4017742719173432,1.5810393383050874,-1.1957349336122507
1754668766.094513,0.11406,-0.012499999999999956,12.5466,4.590972730207442,0.0,-17.13757273020744,-1.3749999999999951,-1.4098476316452027,0.0,-2.7848476316451976
1754668766.1189141,0.10937999999999998,-0.012499999999999956,12.031799999999997,4.671042788171767,-1.534351530690018,-15.168491257481747,-1.3749999999999951,-1.4191395189285279,0.0,-2.7941395189285227
1754668766.1574023,0.10937999999999998,-0.012499999999999956,12.031799999999997,4.797337802410125,0.0,-16.829137802410123,-1.3749999999999951,-1.4334311332225798,0.0,-2.808431133222575
1754668766.188767,0.09688000000000002,-0.005560000000000009,10.656800000000002,4.888496106433868,-3.188299772715168,-12.356996333718701,-0.611600000000001,-1.438662761735916,1.7701440338114538,-0.28011872792446324
1754668766.236953,0.08750000000000002,-0.004170000000000007,9.625000000000002,5.014984523820877,-1.5572967396478101,-13.082687784173068,-0.4587000000000008,-1.4446908383131027,0.2307721181354435,-1.6726187201776601
1754668766.2848368,0.08124999999999999,0.0,8.937499999999998,5.131701162028312,-1.0441955994602699,-13.02500556256804,0.0,-1.4446908383131027,0.6966873039598894,-0.7480035343532133
1754668766.322172,0.08124999999999999,0.0,8.937499999999998,5.2227056081771845,0.0,-14.160205608177183,0.0,-1.4446908383131027,0.0,-1.4446908383131027
1754668766.3492718,0.07188,0.0013900000000000023,7.9068,5.281143719959259,-2.7660671960585903,-10.421876523900668,0.15290000000000026,-1.4435607746601105,0.4103344079531965,-0.8803263667069137
1754668766.3773777,0.06874999999999998,0.0013900000000000023,7.562499999999997,5.339112291741371,-0.8909137902192876,-12.010698501522082,0.15290000000000026,-1.4423887555360795,0.0,-1.2894887555360792
1754668766.3981602,0.06874999999999998,0.0013900000000000023,7.562499999999997,5.381976137566566,0.0,-12.944476137566564,0.15290000000000026,-1.4415221265077591,0.0,-1.2886221265077589
1754668766.418584,0.06874999999999998,0.0013900000000000023,7.562499999999997,5.424100408959388,0.0,-12.986600408959386,0.15290000000000026,-1.4406704503297807,0.0,-1.2877704503297804
1754668766.4400709,0.060939999999999994,0.005560000000000009,6.703399999999999,5.463382502102852,-2.90783730853731,-9.258945193565541,0.611600000000001,-1.437086458897591,1.5525840687068666,0.7270976098092767
1754668766.4605677,0.060939999999999994,0.005560000000000009,6.703399999999999,5.500854834580421,0.0,-12.204254834580421,0.611600000000001,-1.4336675851106646,0.0,-0.8220675851106636
1754668766.481166,0.05312,0.005560000000000009,5.8432,5.533680083298683,-3.037162546906647,-8.339717536392037,0.611600000000001,-1.4302318098306657,0.0,-0.8186318098306646
1754668766.502339,0.05312,0.005560000000000009,5.8432,5.567421376633644,0.0,-11.410621376633644,0.611600000000001,-1.426700153374672,0.0,-0.8151001533746709
1754668766.5229156,0.05312,0.005560000000000009,5.8432,5.600212430405616,0.0,-11.443412430405616,0.611600000000001,-1.4232679572343827,0.0,-0.8116679572343817
1754668766.5440545,0.04999999999999999,0.005560000000000009,5.499999999999999,5.63192079012394,-1.1807611725296956,-9.951159617594243,0.611600000000001,-1.4197419876337054,0.0,-0.8081419876337044
1754668766.565163,0.04999999999999999,0.005560000000000009,5.499999999999999,5.663583373475075,0.0,-11.163583373475074,0.611600000000001,-1.416221108365059,0.0,-0.8046211083650581
1754668766.585715,0.042190000000000005,0.006940000000000002,4.6409,5.6895962403059,-3.0400699974478487,-7.290426242858053,0.7634000000000002,-1.4119421489953996,0.5371698587039714,-0.11137229029142803
1754668766.6060917,0.042190000000000005,0.006940000000000002,4.6409,5.715387007069587,0.0,-10.356287007069588,0.7634000000000002,-1.4076997237443927,0.0,-0.6442997237443925
1754668766.6278164,0.042190000000000005,0.006940000000000002,4.6409,5.7428839610338205,0.0,-10.38378396103382,0.7634000000000002,-1.4031766410112383,0.0,-0.6397766410112381
1754668766.6478834,0.039059999999999984,0.008330000000000004,4.296599999999998,5.766398444151878,-1.2478212620148126,-8.815177182137063,0.9163000000000004,-1.3981619035720827,0.5541442665177573,0.07228236294567503
1754668766.6689792,0.032810000000000006,0.009720000000000006,3.6091000000000006,5.787162993550299,-2.370145340295193,-7.026117653255107,1.0692000000000008,-1.3920103820800782,0.5271203236816536,0.20430994160157623
1754668766.689501,0.032810000000000006,0.009720000000000006,3.6091000000000006,5.807362679243087,0.0,-9.416462679243088,1.0692000000000008,-1.386026202106476,0.0,-0.31682620210647516
1754668766.7106445,0.032810000000000006,0.009720000000000006,3.6091000000000006,5.828174163722991,0.0,-9.437274163722993,1.0692000000000008,-1.3798607760429382,0.0,-0.3106607760429374
1754668766.7318823,0.029689999999999994,0.009720000000000006,3.2658999999999994,5.84709071688652,-1.175260197130609,-7.93773051975591,1.0692000000000008,-1.3736678189277647,0.0,-0.30446781892776387
1754668766.7519505,0.029689999999999994,0.009720000000000006,3.2658999999999994,5.86496543469429,0.0,-9.13086543469429,1.0692000000000008,-1.367815940952301,0.0,-0.29861594095230015
1754668766.7735267,0.023440000000000016,0.009720000000000006,2.578400000000002,5.880137794733048,-2.3173718465805413,-6.141165948152509,1.0692000000000008,-1.3615243309020995,0.0,-0.29232433090209864
1754668766.7939556,0.023440000000000016,0.009720000000000006,2.578400000000002,5.8945033943653105,0.0,-8.472903394365312,1.0692000000000008,-1.355567264842987,0.0,-0.28636726484298625
1754668766.814744,0.023440000000000016,0.009720000000000006,2.578400000000002,5.909121819162369,0.0,-8.487521819162371,1.0692000000000008,-1.3495053583145142,0.0,-0.2803053583145134
1754668766.8355753,0.02187,0.009720000000000006,2.4057,5.922789265608787,-0.6029375006008783,-7.72555176500791,1.0692000000000008,-1.3434309376716613,0.0,-0.2742309376716605
1754668766.856134,0.02187,0.009720000000000006,2.4057,5.936277760219574,0.0,-8.341977760219574,1.0692000000000008,-1.3374360511779786,0.0,-0.2682360511779778
1754668766.877323,0.02187,0.009720000000000006,2.4057,5.950179846310616,0.0,-8.355879846310616,1.0692000000000008,-1.3312573462486268,0.0,-0.262057346248626
1754668766.8978286,0.015620000000000023,0.011110000000000009,1.7182000000000026,5.959788801741601,-2.438350366830598,-5.239638434911006,1.222100000000001,-1.3244228075265887,0.5422891215831279,0.4399663140565403
1754668770.8068998,0.020309999999999995,-0.13193999999999995,2.2340999999999993,0.0,0,-2.2340999999999993,-14.513399999999994,0.0,0,-14.513399999999994
1754668770.8341713,0.020309999999999995,-0.13193999999999995,2.2340999999999993,0.01661653053760528,0.0,-2.2507165305376047,-14.513399999999994,-0.10794608759880062,0.0,-14.621346087598795
1754668770.8702867,0.020309999999999995,-0.13193999999999995,2.2340999999999993,0.03862164859771728,0.0,-2.2727216485977166,-14.513399999999994,-0.2508980953216552,0.0,-14.76429809532165
1754668770.9183576,0.020309999999999995,-0.13193999999999995,2.2340999999999993,0.06791125259399412,0.0,-2.3020112525939935,-14.513399999999994,-0.44117236175537095,0.0,-14.954572361755364
1754668770.9506,0.020309999999999995,-0.12778,2.2340999999999993,0.08755648484230039,0.0,-2.3216564848422996,-14.055800000000001,-0.5647699873924253,1.032184488516187,-13.58838549887624
1754668770.9824488,0.020309999999999995,-0.12778,2.2340999999999993,0.10696202416419981,0.0,-2.341062024164199,-14.055800000000001,-0.6868595892906187,0.0,-14.74265958929062
1754668771.0147471,0.020309999999999995,-0.12778,2.2340999999999993,0.12664139449596404,0.0,-2.3607413944959634,-14.055800000000001,-0.8106719940662382,0.0,-14.86647199406624
1754668771.0466237,0.01874999999999999,-0.11111000000000004,2.0624999999999987,0.14457196176052092,-0.39151020134629916,-1.8155617604142205,-12.222100000000005,-0.9169261449337005,4.183637856694082,-8.955388288239623
1754668771.0782838,0.01874999999999999,-0.11111000000000004,2.0624999999999987,0.16238075673580166,0.0,-2.2248807567358004,-12.222100000000005,-1.0224586894512175,0.0,-13.244558689451223
1754668771.110439,0.017189999999999983,-0.09306000000000003,1.890899999999998,0.1789632322311401,-0.38811672007652015,-1.681746512154618,-10.236600000000003,-1.1122297871589661,4.490709485500748,-6.8581203016582215
1754668771.1425955,0.017189999999999983,-0.09306000000000003,1.890899999999998,0.19554632248878473,0.0,-2.086446322488783,-10.236600000000003,-1.2020042129516602,0.0,-11.438604212951663
1754668771.1744843,0.015620000000000023,-0.08472000000000002,1.7182000000000026,0.2104893782615661,-0.3938696401522132,-1.5348197381093553,-9.319200000000002,-1.2830525922775269,2.092275668069775,-8.509976924207754
1754668771.206889,0.015620000000000023,-0.08472000000000002,1.7182000000000026,0.22567420248985287,0.0,-1.9438742024898554,-9.319200000000002,-1.3654122791290284,0.0,-10.68461227912903
1754668771.2391984,0.015620000000000023,-0.07082999999999995,1.7182000000000026,0.240814449262619,0.0,-1.9590144492626216,-7.791299999999994,-1.4340668040275575,3.4392327140706804,-5.786134089956871
1754668771.2710953,0.015620000000000023,-0.07082999999999995,1.7182000000000026,0.25576130361557003,0.0,-1.9739613036155728,-7.791299999999994,-1.50184437725544,0.0,-9.293144377255434
1754668771.3027086,0.014060000000000017,-0.05832999999999999,1.546600000000002,0.2690958146095276,-0.3947699321246508,-1.4209258824848787,-6.4163,-1.5571645782709123,3.1632206099731404,-4.810243968297772
1754668771.332978,0.012500000000000011,-0.04861000000000004,1.3750000000000013,0.2804468337535858,-0.41229778054332655,-1.2431490532102605,-5.347100000000005,-1.601306421518326,2.5689323249237814,-4.379474096594549
1754668771.3619237,0.012500000000000011,-0.04861000000000004,1.3750000000000013,0.29130146541595464,0.0,-1.666301465415956,-5.347100000000005,-1.6435179131269457,0.0,-6.99061791312695
1754668771.3828247,0.012500000000000011,-0.04861000000000004,1.3750000000000013,0.29913932719230657,0.0,-1.674139327192308,-5.347100000000005,-1.673997790002823,0.0,-7.021097790002828
1754668771.403753,0.010940000000000005,-0.03749999999999998,1.2034000000000007,0.3060080224514008,-0.5963193656869469,-0.9130886567644546,-4.124999999999997,-1.69754222073555,4.246864200501277,-1.5756780202342702
1754668771.4244308,0.010940000000000005,-0.03749999999999998,1.2034000000000007,0.31279447803497323,0.0,-1.5161944780349739,-4.124999999999997,-1.7208047513008118,0.0,-5.845804751300809
1754668771.4449754,0.010940000000000005,-0.03749999999999998,1.2034000000000007,0.31953719244003304,0.0,-1.5229371924400337,-4.124999999999997,-1.7439173463821411,0.0,-5.868917346382139
1754668771.4660902,0.00938,-0.02917000000000003,1.0318,0.32547890453338635,-0.5910538822519839,-0.7662250222814025,-3.208700000000003,-1.762394930791855,3.1560761789480622,-1.8150187518437955
1754668771.486917,0.00938,-0.02917000000000003,1.0318,0.3313395707130433,0.0,-1.3631395707130434,-3.208700000000003,-1.7806204779624941,0.0,-4.989320477962497
1754668771.5076182,0.00938,-0.02917000000000003,1.0318,0.3371648799419404,0.0,-1.3689648799419405,-3.208700000000003,-1.7987360718011858,0.0,-5.007436071801189
1754668771.528784,0.00938,-0.02361000000000002,1.0318,0.34312094950675975,0.0,-1.3749209495067598,-2.597100000000002,-1.81372784178257,2.1014986248535674,-2.3093292169290045
1754668771.5494306,0.00938,-0.02361000000000002,1.0318,0.3489308948993684,0.0,-1.3807308948993684,-2.597100000000002,-1.8283518088102342,0.0,-4.425451808810236
1754668771.5702794,0.00938,-0.02361000000000002,1.0318,0.354797733449936,0.0,-1.386597733449936,-2.597100000000002,-1.8431189791917804,0.0,-4.4402189791917825
1754668771.5911644,0.00938,-0.018059999999999965,1.0318,0.36067476983070385,0.0,-1.3924747698307038,-1.9865999999999961,-1.8544344671487811,2.1259286467727785,-1.7151058203759986
1754668774.7874637,-0.24531000000000003,-0.11943999999999999,-26.9841,0.0,0,26.9841,-13.138399999999999,0.0,0,-13.138399999999999
1754668774.8250885,-0.24531000000000003,-0.11806000000000005,-26.9841,-0.2768924553394318,0.0,27.260992455339434,-12.986600000000006,-0.13325964403152474,0.2934232061339451,-12.826436437897586
1754668774.8587341,-0.24531000000000003,-0.11806000000000005,-26.9841,-0.5245007393360138,0.0,27.508600739336014,-12.986600000000006,-0.2524257359504701,0.0,-13.239025735950477
1754668774.89067,-0.24531000000000003,-0.11943999999999999,-26.9841,-0.7595268308401109,0.0,27.743626830840114,-13.138399999999999,-0.3668585612297059,-0.34569213775390545,-13.85095069898361
1754668774.9224732,-0.24531000000000003,-0.11943999999999999,-26.9841,-0.9935756135702135,0.0,27.977675613570216,-13.138399999999999,-0.4808155405998231,0.0,-13.619215540599821
1754668774.9546378,-0.24531000000000003,-0.11943999999999999,-26.9841,-1.2302843605756761,0.0,28.21438436057568,-13.138399999999999,-0.5960676409721375,0.0,-13.734467640972136
1754668774.9866076,-0.24531000000000003,-0.11943999999999999,-26.9841,-1.4655596044063572,0.0,28.44965960440636,-13.138399999999999,-0.7106217770576477,0.0,-13.849021777057647
1754668775.0185673,-0.22655999999999998,-0.10138999999999998,-24.921599999999998,-1.6827837834835055,4.6934001745630445,21.910983608920457,-11.152899999999997,-0.8078338158845901,4.518179901379349,-7.442553914505239
1754668775.0503914,-0.20781000000000005,-0.08611000000000002,-22.859100000000005,-1.88118484454155,4.713407252022758,20.026877592518797,-9.472100000000003,-0.8900450442552568,3.841112683248417,-6.521032361006842
1754668775.0822444,-0.20781000000000005,-0.08611000000000002,-22.859100000000005,-2.0797657567262653,0.0,24.93886575672627,-9.472100000000003,-0.9723307973384857,0.0,-10.44443079733849
1754668775.1141975,-0.20781000000000005,-0.08611000000000002,-22.859100000000005,-2.2789709455490117,0.0,25.138070945549018,-9.472100000000003,-1.05487523124218,0.0,-10.526975231242183
1754668775.1461816,-0.18594,-0.07082999999999995,-20.4534,-2.4573846008777624,5.470219587181623,17.440565013696137,-7.791299999999994,-1.1228382257938385,3.821900104807287,-5.092238120986545
1754668775.1780477,-0.18594,-0.07082999999999995,-20.4534,-2.63513993268013,0.0,23.088539932680128,-7.791299999999994,-1.190550445604324,0.0,-8.98185044560432
1754668775.2102835,-0.17188000000000003,-0.059719999999999995,-18.906800000000004,-2.80136092543602,3.4892817229877053,18.21887920244832,-6.5691999999999995,-1.2483042138576506,2.7571778052911347,-5.060326408566516
1754668775.2421272,-0.17188000000000003,-0.059719999999999995,-18.906800000000004,-2.965559585523606,0.0,21.87235958552361,-6.5691999999999995,-1.3053553191661833,0.0,-7.874555319166182
1754668775.2738168,-0.15469,-0.04861000000000004,-17.0159,-3.1126217157840737,4.339588056215966,15.788933659568105,-5.347100000000005,-1.3515683268070218,2.8047017629179214,-3.893966563889105
1754668775.3070812,-0.15469,-0.04861000000000004,-17.0159,-3.266991810250283,0.0,20.28289181025028,-5.347100000000005,-1.4000777992486952,0.0,-6.7471777992487
1754668775.335132,-0.14219000000000004,-0.03749999999999998,-15.640900000000004,-3.386647515249253,3.5649783685923735,15.462569146656882,-4.124999999999997,-1.431634792971611,3.1685527740049313,-2.388082018966677
1754668775.3625786,-0.14219000000000004,-0.03749999999999998,-15.640900000000004,-3.5037271031856543,0.0,19.14462710318566,-4.124999999999997,-1.4625123831510543,0.0,-5.587512383151052
1754668775.3900898,-0.13438000000000005,-0.03332999999999997,-14.781800000000006,-3.614635431718827,2.2710816701620544,16.125353761556777,-3.666299999999997,-1.4900207518815993,1.2126005844527277,-3.9437201674288684
1754668775.4174554,-0.13438000000000005,-0.03332999999999997,-14.781800000000006,-3.724957452249528,0.0,18.506757452249534,-3.666299999999997,-1.5173836998224257,0.0,-5.1836836998224225
1754668775.446186,-0.12187000000000003,-0.026390000000000025,-13.405700000000003,-3.829999511790276,3.4833902686195652,13.752309243170714,-2.9029000000000025,-1.5401297402858733,1.9324323312725464,-2.5105974090133296
1754668775.4677052,-0.12187000000000003,-0.026390000000000025,-13.405700000000003,-3.9086758008241658,0.0,17.31437580082417,-2.9029000000000025,-1.557166478347778,0.0,-4.46006647834778
1754668775.4882426,-0.12187000000000003,-0.026390000000000025,-13.405700000000003,-3.98376250269413,0.0,17.389462502694133,-2.9029000000000025,-1.5734259192466733,0.0,-4.476325919246676
1754668775.508831,-0.11250000000000004,-0.020830000000000015,-12.375000000000005,-4.05324834587574,3.6408855158996647,12.787362829976079,-2.2913000000000014,-1.5862916091442107,2.160440071334279,-1.7171515378099333
1754668775.5295982,-0.11250000000000004,-0.020830000000000015,-12.375000000000005,-4.1233376860857005,0.0,16.498337686085705,-2.2913000000000014,-1.5992690398693084,0.0,-3.89056903986931
1754668775.550404,-0.09999999999999998,-0.013889999999999958,-10.999999999999998,-4.185755193257331,4.806343822336331,10.379411370920998,-1.5278999999999954,-1.607938831615448,2.6684820901611386,-0.4673567414543047
1754668775.5709946,-0.09999999999999998,-0.013889999999999958,-10.999999999999998,-4.247526824498176,0.0,15.247526824498173,-1.5278999999999954,-1.6165189111948013,0.0,-3.144418911194797
1754668775.592202,-0.09999999999999998,-0.013889999999999958,-10.999999999999998,-4.311148822331428,0.0,15.311148822331425,-1.5278999999999954,-1.6253560066938402,0.0,-3.1532560066938355
1754668775.6126964,-0.09062000000000003,-0.011109999999999953,-9.968200000000003,-4.366865064167976,3.6614771074918346,10.673587956676144,-1.2220999999999949,-1.6321868105649948,1.0851712536063303,-1.7691155569586592
1754668775.6337957,-0.09062000000000003,-0.011109999999999953,-9.968200000000003,-4.424225699973106,0.0,14.39242569997311,-1.2220999999999949,-1.6392192169189452,0.0,-2.86131921691894
1754668775.661476,-0.09062000000000003,-0.011109999999999953,-9.968200000000003,-4.49947697918415,0.0,14.467676979184153,-1.2220999999999949,-1.6484450137853621,0.0,-2.8705450137853568
1754668775.6824024,-0.08125000000000004,-0.006939999999999946,-8.937500000000005,-4.5504852632761,3.582065212596268,9.905920050679837,-0.7633999999999941,-1.6528019059896468,1.594152821400905,-0.8220490845887356
1754668775.7029889,-0.08125000000000004,-0.006939999999999946,-8.937500000000005,-4.6006648341894145,0.0,13.53816483418942,-0.7633999999999941,-1.6570880133390427,0.0,-2.4204880133390367
1754668775.7240665,-0.08125000000000004,-0.006939999999999946,-8.937500000000005,-4.652041564393044,0.0,13.589541564393048,-0.7633999999999941,-1.6614763765096663,0.0,-2.42487637650966
1754668775.7449343,-0.07811999999999997,-0.006939999999999946,-8.593199999999996,-4.700947398018837,1.1999334158993051,12.094213982119527,-0.7633999999999941,-1.6658210575819015,0.0,-2.4292210575818958
1754668775.7659159,-0.07811999999999997,-0.006939999999999946,-8.593199999999996,-4.750119759106635,0.0,13.343319759106631,-0.7633999999999941,-1.670189416337013,0.0,-2.433589416337007
1754668775.7866118,-0.07811999999999997,-0.006939999999999946,-8.593199999999996,-4.79862272837162,0.0,13.391822728371615,-0.7633999999999941,-1.6744983078718183,0.0,-2.437898307871812
1754668775.814055,-0.06874999999999998,-0.0027800000000000047,-7.562499999999997,-4.855224267625808,2.731462819512616,9.68626144811319,-0.3058000000000005,-1.6767870682954784,1.212687868641658,-0.7698991996538209
1754668775.8410015,-0.06874999999999998,-0.0027800000000000047,-7.562499999999997,-4.910801515960693,0.0,12.47330151596069,-0.3058000000000005,-1.6790344101190564,0.0,-1.984834410119057
1754668775.8689036,-0.06172,-0.0027800000000000047,-6.789199999999999,-4.962465093040466,2.015616995300345,9.73604809774012,-0.3058000000000005,-1.6813614474534986,0.0,-1.987161447453499
1754668775.8984275,-0.06172,-0.0027800000000000047,-6.789199999999999,-5.017131452751159,0.0,11.80633145275116,-0.3058000000000005,-1.6838237365007398,0.0,-1.9896237365007403
1754668775.925976,-0.05313000000000001,0.004170000000000007,-5.844300000000001,-5.0610410890817645,2.494505014236627,8.41083607484514,0.4587000000000008,-1.680377412700653,2.0182549300284767,0.7965775173278244
1754668775.9468648,-0.05313000000000001,0.004170000000000007,-5.844300000000001,-5.094335755991936,0.0,10.938635755991937,0.4587000000000008,-1.6777642231464387,0.0,-1.219064223146438
1754668775.967508,-0.05313000000000001,0.004170000000000007,-5.844300000000001,-5.12723900706768,0.0,10.971539007067681,0.4587000000000008,-1.6751817545413972,0.0,-1.2164817545413964
1754668775.9884725,-0.04922000000000004,0.0027800000000000047,-5.414200000000005,-5.158195016598701,1.492054328052666,9.08034068854604,0.3058000000000005,-1.6734333249092102,-0.5304234056248659,-1.8980567305340754
1754668776.0090554,-0.04922000000000004,0.0027800000000000047,-5.414200000000005,-5.1885877479314795,0.0,10.602787747931483,0.3058000000000005,-1.6717167098522185,0.0,-1.365916709852218
1754668776.0300531,-0.04922000000000004,0.0027800000000000047,-5.414200000000005,-5.2195930443048475,0.0,10.633793044304852,0.3058000000000005,-1.669965496444702,0.0,-1.3641654964447014
1754668776.0509799,-0.04218999999999995,0.004170000000000007,-4.640899999999995,-5.246079986143111,2.687474017750368,7.199505968392739,0.4587000000000008,-1.6673475645303724,0.5313782197258847,-0.6772693448044869
1754668776.0717416,-0.04218999999999995,0.004170000000000007,-4.640899999999995,-5.272358105635642,0.0,9.913258105635638,0.4587000000000008,-1.664750272321701,0.0,-1.2060502723217001
1754668776.1006126,-0.03593999999999997,0.008330000000000004,-3.9533999999999967,-5.303486881899833,1.7318380762052559,7.525048805694573,0.9163000000000004,-1.6575353945732114,1.1527114235222216,0.4114760289490106
1754668776.1214228,-0.03593999999999997,0.008330000000000004,-3.9533999999999967,-5.325924361109733,0.0,9.27932436110973,0.9163000000000004,-1.6523349437713621,0.0,-0.7360349437713617
1754668776.1468549,-0.03593999999999997,0.008330000000000004,-3.9533999999999967,-5.353345261931418,0.0,9.306745261931415,0.9163000000000004,-1.6459794595241546,0.0,-0.7296794595241541
1754668776.1780565,-0.029689999999999994,0.008330000000000004,-3.2658999999999994,-5.381136527967452,1.6024818711841555,7.044554656783296,0.9163000000000004,-1.638182179427147,0.0,-0.7218821794271465
1754668776.2103934,-0.026560000000000028,0.009720000000000006,-2.9216000000000033,-5.406902609968184,0.7743463674233683,7.554156242544818,1.0692000000000008,-1.6287527247190474,0.34387905773753846,-0.21567366698150814
1754668776.2420323,-0.026560000000000028,0.009720000000000006,-2.9216000000000033,-5.432112454175948,0.0,8.353712454175952,1.0692000000000008,-1.6195268329381944,0.0,-0.5503268329381936
1754668776.2739353,-0.02031000000000005,0.009720000000000006,-2.2341000000000055,-5.451550969433782,1.5672493292778564,6.1184016401559305,1.0692000000000008,-1.6102239098310471,0.0,-0.5410239098310463
1754668776.305646,-0.02031000000000005,0.009720000000000006,-2.2341000000000055,-5.470872253060339,0.0,7.704972253060344,1.0692000000000008,-1.6009770916700363,0.0,-0.5317770916700355
1754668776.3374262,-0.01719000000000004,0.009720000000000006,-1.8909000000000042,-5.487261324334142,0.7853936190133267,6.592767705320819,1.0692000000000008,-1.5917099728345872,0.0,-0.5225099728345863
1754668780.1269476,0.020309999999999995,-0.12917,2.2340999999999993,0.0,0,-2.2340999999999993,-14.2087,0.0,0,-14.2087
1754668780.1646373,0.020309999999999995,-0.12917,2.2340999999999993,0.022964325571060176,0.0,-2.2570643255710596,-14.2087,-0.14605130152702334,0.0,-14.354751301527024
1754668780.2006145,0.020309999999999995,-0.12917,2.2340999999999993,0.04488518793582915,0.0,-2.2789851879358283,-14.2087,-0.285466259264946,0.0,-14.494166259264947
1754668780.2485845,0.020309999999999995,-0.12917,2.2340999999999993,0.07411334338188169,0.0,-2.308213343381881,-14.2087,-0.47135502533912665,0.0,-14.680055025339128
1754668780.2962978,0.01874999999999999,-0.125,2.0624999999999987,0.1009520632266998,-0.2615624009114359,-1.9018896623152626,-13.75,-0.6502798243045808,0.6991764178209522,-13.701103406483629
1754668780.3444622,0.01874999999999999,-0.125,2.0624999999999987,0.12804452004432676,0.0,-2.1905445200443254,-13.75,-0.8308962030887604,0.0,-14.580896203088761
1754668780.3762238,0.017969999999999986,-0.10694000000000004,1.9766999999999983,0.1451672235488891,-0.19646336801333228,-1.925403855535555,-11.763400000000004,-0.9327939166545869,4.548882597847129,-8.147311318807462
1754668780.4081206,0.017969999999999986,-0.10694000000000004,1.9766999999999983,0.1623628043889999,0.0,-2.139062804388998,-11.763400000000004,-1.035125325393677,0.0,-12.798525325393681
1754668780.4400134,0.015620000000000023,-0.09028000000000003,1.7182000000000026,0.1773077594518661,-0.5894751749297199,-1.306032584522149,-9.930800000000003,-1.1215037212371828,4.179002729501826,-6.87330099173536
1754668780.4717922,0.015620000000000023,-0.09028000000000003,1.7182000000000026,0.1921993109464645,0.0,-1.9103993109464672,-9.930800000000003,-1.2075734567642213,0.0,-11.138373456764224
1754668780.5036025,0.014060000000000017,-0.07638999999999996,1.546600000000002,0.20561688859462737,-0.3923259576381721,-1.3598909309564573,-8.402899999999995,-1.28047308382988,3.493209968970652,-6.190163114859224
1754668780.5354528,0.014060000000000017,-0.07638999999999996,1.546600000000002,0.21905136115550997,0.0,-1.765651361155512,-8.402899999999995,-1.3534645033836366,0.0,-9.756364503383631
1754668780.5674665,0.012500000000000011,-0.0625,1.3750000000000013,0.23105648167133333,-0.38983365421709326,-1.2162228274542415,-6.875,-1.4134901059627534,3.471018882740634,-4.817471223222119
1754668780.5995123,0.012500000000000011,-0.0625,1.3750000000000013,0.2430736721277237,0.0,-1.6180736721277251,-6.875,-1.4735760582447053,0.0,-8.348576058244705
1754668780.6306903,0.012500000000000011,-0.05139000000000005,1.3750000000000013,0.25476542122364043,0.0,-1.6297654212236417,-5.652900000000005,-1.5216431771278383,2.850728297927647,-4.323814879200196
1754668780.6627324,0.012500000000000011,-0.05139000000000005,1.3750000000000013,0.26678118116855626,0.0,-1.6417811811685576,-5.652900000000005,-1.5710423694133762,0.0,-7.223942369413381
1754668780.6862285,0.010160000000000002,-0.04305999999999999,1.1176000000000004,0.27394280798435217,-0.7967262392694093,-0.5948165687149433,-4.736599999999998,-1.601394697237015,2.836209219279574,-3.5017854779574393
1754668780.7065291,0.010160000000000002,-0.04305999999999999,1.1176000000000004,0.28013043901920326,0.0,-1.3977304390192036,-4.736599999999998,-1.6276190468788148,0.0,-6.364219046878813
1754668780.7266722,0.010160000000000002,-0.04305999999999999,1.1176000000000004,0.28627003519535077,0.0,-1.403870035195351,-4.736599999999998,-1.6536398157119752,0.0,-6.390239815711974
1754668780.754448,0.00938,-0.03471999999999997,1.0318,0.29408613531589517,-0.22465628291845577,-1.1012298523974395,-3.819199999999997,-1.682571051979065,2.402094101974253,-3.0996769500048087
1754668780.782567,0.00938,-0.03471999999999997,1.0318,0.3019988464593888,0.0,-1.3337988464593888,-3.819199999999997,-1.7118598932266236,0.0,-5.531059893226621
1754668780.8108659,0.00938,-0.03056000000000003,1.0318,0.3099621442079544,0.0,-1.3417621442079546,-3.3616000000000037,-1.7378042833328249,1.1760193195949082,-3.923384963737921
1754668780.8317418,0.00938,-0.03056000000000003,1.0318,0.3158366311311722,0.0,-1.3476366311311723,-3.3616000000000037,-1.7569433366775515,0.0,-5.118543336677555
1754668780.852671,0.007809999999999984,-0.02361000000000002,0.8590999999999982,0.32074031882286075,-0.6001214157638783,-0.5797189030589807,-2.597100000000002,-1.7717674168825153,2.656588432840076,-1.7122789840424417
1754668780.8731358,0.007809999999999984,-0.02361000000000002,0.8590999999999982,0.3255352442264557,0.0,-1.1846352442264538,-2.597100000000002,-1.7862627035379415,0.0,-4.383362703537943
1754668780.894421,0.007809999999999984,-0.02361000000000002,0.8590999999999982,0.33052238895893093,0.0,-1.189622388958929,-2.597100000000002,-1.801339078330994,0.0,-4.398439078330996
1754668780.9155803,0.006249999999999978,-0.018059999999999965,0.6874999999999976,0.3344897337198257,-0.5898151385946747,-0.43217459512514844,-1.9865999999999961,-1.8128031177520756,2.0983807815387596,-1.7010223362133123
1754668784.0818253,0.27656000000000003,-0.10694000000000004,30.4216,0.0,0,-30.4216,-11.763400000000004,0.0,0,-11.763400000000004
1754668784.1202419,0.27656000000000003,-0.10694000000000004,30.4216,0.3187350465774536,0.0,-30.740335046577457,-11.763400000000004,-0.12324821333885197,0.0,-11.886648213338857
1754668784.170284,0.27656000000000003,-0.10833000000000004,30.4216,0.7339247766494751,0.0,-31.155524776649475,-11.916300000000003,-0.28588020443916334,-0.22221266403674308,-12.424392868475909
1754668784.217519,0.27656000000000003,-0.10833000000000004,30.4216,1.1258242246627808,0.0,-31.547424224662784,-11.916300000000003,-0.43938927011489887,0.0,-12.355689270114903
1754668784.2652218,0.27187,-0.10416999999999998,29.9057,1.5148929445266723,-0.7865368156737351,-30.634056128852936,-11.458699999999999,-0.5884652569770815,0.6976531243502687,-11.34951213262681
1754668784.3124526,0.24766,-0.08750000000000002,27.2426,1.8658077518463134,-4.100720841595155,-25.00768691025116,-9.625000000000002,-0.7124458983421328,2.823585973952543,-7.513859924389591
1754668784.360448,0.24766,-0.08750000000000002,27.2426,2.2224034465312954,0.0,-29.465003446531295,-9.625000000000002,-0.8384336367130282,0.0,-10.46343363671303
1754668784.4077563,0.22499999999999998,-0.07360999999999995,24.749999999999996,2.5417354501247402,-3.8318739939322493,-23.45986145619249,-8.097099999999994,-0.9429048757553103,2.3488406785401224,-6.691164197215182
1754668784.5140107,0.19530999999999998,-0.05417000000000005,21.484099999999998,3.164311499905586,-2.235391060240585,-22.413020439665,-5.958700000000006,-1.1155788024187092,1.463657871710231,-5.6106209307084836
1754668784.5617738,0.17343999999999998,-0.04027999999999998,19.0784,3.412832509732246,-3.663078114139957,-18.82815439559229,-4.430799999999998,-1.1732957435846334,2.326481710352275,-3.2776140332323562
1754668784.6099901,0.15938000000000002,-0.03193999999999997,17.531800000000004,3.643374131798744,-2.332818981575792,-18.842355150222957,-3.5133999999999963,-1.219496643376351,1.383763179682944,-3.349133463693403
1754668784.6571617,0.15155999999999997,-0.02917000000000003,16.671599999999998,3.857853929543495,-1.3262219145624086,-19.203232014981083,-3.208700000000003,-1.2607765041589742,0.469774258738845,-3.999702245420132
1754668784.689023,0.15155999999999997,-0.02917000000000003,16.671599999999998,4.002720912194253,0.0,-20.67432091219425,-3.208700000000003,-1.2886583323717122,0.0,-4.497358332371715
1754668784.73688,0.1375,-0.022220000000000018,15.125000000000002,4.200131227469445,-2.3503331087496884,-16.97479811871976,-2.444200000000002,-1.3205598393201834,1.1617933930163873,-2.6029664463037983
1754668784.7843785,0.125,-0.018059999999999965,13.75,4.37825046966076,-2.1053312117576803,-16.02291925790308,-1.9865999999999961,-1.3462945074319845,0.7006542272729643,-2.6322402801590163
1754668784.8160493,0.125,-0.018059999999999965,13.75,4.497016002631188,0.0,-18.247016002631188,-1.9865999999999961,-1.363453751635552,0.0,-3.3500537516355484
1754668784.8483458,0.11249999999999999,-0.012499999999999956,12.374999999999998,4.606016417241097,-3.0963184975749507,-13.884697919666143,-1.3749999999999951,-1.3755649088144306,1.377242467721339,-1.3733224410930867
1754668784.8800082,0.11249999999999999,-0.012499999999999956,12.374999999999998,4.712877233719826,0.0,-17.087877233719823,-1.3749999999999951,-1.3874383328676227,0.0,-2.762438332867618
1754668784.9115672,0.10625000000000001,-0.008329999999999949,11.687500000000002,4.813471515870095,-1.5843345823763995,-14.916636933493699,-0.9162999999999943,-1.3953249245882038,1.0570680333615392,-1.254556891226659
1754668784.958993,0.09688000000000002,-0.006939999999999946,10.656800000000002,4.95130970671177,-1.580576055661125,-14.027533651050648,-0.7633999999999941,-1.405198965096474,0.23447179480992209,-1.934127170286546
1754668784.9981332,0.08594000000000002,-0.0013900000000000023,9.453400000000002,5.0522210334062585,-2.2360628027728042,-12.269558230633457,-0.15290000000000026,-1.406831112456322,1.1343828661233026,-0.4253482463330196
1754668785.0261235,0.08594000000000002,-0.0013900000000000023,9.453400000000002,5.124385731053353,0.0,-14.577785731053355,-0.15290000000000026,-1.4079983096837998,0.0,-1.5608983096838
1754668785.0536869,0.08594000000000002,-0.0013900000000000023,9.453400000000002,5.195449517512323,0.0,-14.648849517512325,-0.15290000000000026,-1.4091477006912234,0.0,-1.5620477006912237
1754668785.0815217,0.08124999999999999,-0.0013900000000000023,8.937499999999998,5.2632970674276365,-1.34794845376367,-12.852848613663966,-0.15290000000000026,-1.4103084156990053,0.0,-1.5632084156990056
1754668785.109204,0.07188,0.0027800000000000047,7.9068,5.322991188597681,-2.7078670534330076,-10.521924135164673,0.3058000000000005,-1.4079997115135194,1.2051019864264325,0.1029022749129136
1754668785.1369395,0.07188,0.0027800000000000047,7.9068,5.382799959826471,0.0,-13.289599959826472,0.3058000000000005,-1.4056865731716157,0.0,-1.0998865731716152
1754668785.164955,0.06719000000000003,0.0027800000000000047,7.390900000000003,5.439270551490785,-1.3392645936768568,-11.490905957813931,0.3058000000000005,-1.4033500908851624,0.0,-1.0975500908851619
1754668785.192608,0.06719000000000003,0.0027800000000000047,7.390900000000003,5.495011141633989,0.0,-12.885911141633992,0.3058000000000005,-1.4010438125610354,0.0,-1.0952438125610349
1754668785.2204301,0.05936999999999998,0.004170000000000007,6.530699999999998,5.544564937305452,-2.2485788321593367,-9.826686105146113,0.4587000000000008,-1.3975632781505587,0.39968344970606956,-0.5391798284444884
1754668785.248286,0.05936999999999998,0.004170000000000007,6.530699999999998,5.59417903289795,0.0,-12.124879032897947,0.4587000000000008,-1.394078508424759,0.0,-0.9353785084247583
1754668785.2760231,0.051559999999999995,0.005560000000000009,5.6716,5.637082842063905,-2.2525753745121926,-9.056107467551714,0.611600000000001,-1.3894519533634189,0.4009065007134391,-0.37694545264997875
1754668785.3036957,0.051559999999999995,0.005560000000000009,5.6716,5.679886710262299,0.0,-11.3514867102623,0.611600000000001,-1.3848361754894258,0.0,-0.7732361754894248
1754668785.3314915,0.04687999999999998,0.005560000000000009,5.156799999999998,5.7189787116050725,-1.3469664942016106,-9.528812217403459,0.611600000000001,-1.380199837446213,0.0,-0.768599837446212
1754668785.359301,0.04063,0.008330000000000004,4.4693,5.752875857305527,-1.7979389928156175,-8.42423686448991,0.9163000000000004,-1.3732502134323121,0.796846561615883,0.3398963481835713
1754668785.387183,0.04063,0.008330000000000004,4.4693,5.78686105735302,0.0,-10.256161057353019,0.9163000000000004,-1.3662825364351274,0.0,-0.449982536435127
1754668785.4147468,0.03749999999999998,0.008330000000000004,4.124999999999997,5.817870343995095,-0.9084375376045595,-9.034432806390534,0.9163000000000004,-1.3593943402290345,0.0,-0.44309434022903404
1754668785.4425035,0.03749999999999998,0.008330000000000004,4.124999999999997,5.849096621346474,0.0,-9.974096621346472,0.9163000000000004,-1.3524579431533814,0.0,-0.43615794315338097
1754668785.4703255,0.030469999999999997,0.009720000000000006,3.3516999999999997,5.874528727698326,-2.0214206125421987,-7.204808115156126,1.0692000000000008,-1.3443450428009034,0.39968344970606956,0.12453840690516699
1754668785.49993,0.030469999999999997,0.009720000000000006,3.3516999999999997,5.901590141701698,0.0,-9.253290141701697,1.0692000000000008,-1.3357123895645142,0.0,-0.2665123895645134
1754668785.526369,0.02811999999999998,0.009720000000000006,3.0931999999999977,5.923894242310523,-0.7110656590978829,-8.306028583212637,1.0692000000000008,-1.3280027217864991,0.0,-0.2588027217864983
1754668785.5536149,0.02811999999999998,0.009720000000000006,3.0931999999999977,5.9468787654161455,0.0,-9.040078765416144,1.0692000000000008,-1.3200578581809999,0.0,-0.25085785818099904
1754668785.5813978,0.02187,0.009720000000000006,2.4057,5.9651071372747415,-1.799667038530844,-6.571140098743898,1.0692000000000008,-1.311956359577179,0.0,-0.24275635957717823
1754668785.6093872,0.01874999999999999,0.009720000000000006,2.0624999999999987,5.980851167750359,-0.8917665664928992,-7.151584601257458,1.0692000000000008,-1.3037946541786196,0.0,-0.2345946541786188
